﻿<?xml version="1.0" encoding="UTF-8"?>
<quotes>
	<quote author="Eleanor Roosevelt">Great minds discuss ideas; average minds discuss events; small minds discuss people.</quote>
	<quote author="William Shakespeare">Some are born great, some achieve greatness, and some have greatness thrust upon them.</quote>
	<quote author="Winston Churchill">All the great things are simple, and many can be expressed in a single word: freedom, justice, honor, duty, mercy, hope.</quote>
	<quote author="Ralph Waldo Emerson">Our greatest glory is not in never failing, but in rising up every time we fail.</quote>
	<quote author="William Arthur Ward">The mediocre teacher tells. The good teacher explains. The superior teacher demonstrates. The great teacher inspires.</quote>
</quotes>